source_topic,item_id
Авто,906
Деньги,641
Дети,2003
Еда,967
Здоровье,1493
Знаменитости,1858
Интерьеры,381
Искусство,1195
История,2047
Кино,1744
Музыка,437
Одежда,1452
Полезные советы,3338
Политика,520
Психология,838
Путешествия,2139
Ремонт,631
Россия,2145
Сад и дача,1026
Сделай сам,904
Семейные отношения,3411
Семья,1780
Спорт,522
Строительство,332
Технологии,421
Финансы,300
